{
  "mse": 0.0001494456353786304,
  "mae": 0.009729215323400396,
  "rmse": 0.012224795923802998
}